Chem1,Chem2,Chem3,Chem4,Chem5
AARS1,AAK1,AR,AARS1,AKAP5
ABHD2,ABCA12,CCL2,ABCC11,ARHGEF38
ACACB,ABCC10,CCL26,ABCC4,ASTL
ACADS,ABCC3,CD38,ACBD7,CCN2
ACER3,ABCC9,CD40,ACTL8,COL11A2
ACKR3,ACACA,CD69,ACTRT3,DNAAF1
ACSL3,ACKR3,COL3A1,ADGRA3,GHR
ACSS2,ACLY,CSF1,ADGRE2,GRPR
ACTB,ADAM2,CXCL10,ADM2,IL17C
ACTL8,ADAM32,CXCL8,AFAP1L2,IL32
ACVR1,ADAMTS19,CXCL9,AGA,JPH2
ADD3,ADARB1,CYP19A1,AHR,KCNJ8
ADGRV1,ADGRF4,CYP4A11,AHRR,LDLRAD1
ADORA1,ADPRHL1,DIO1,AKR1B10,LGALS7
AEN,AFAP1L2,DIO2,AKR1C1,LOC114841035
AGA,AGAP4,DIO3,AKR1C2,LOX
AKAP5,AGAP6,ESR1,AMD1,LVRN
AKIRIN1,AGFG2,ESR2,AMIGO3,NAV1
AKR1C1,AGR3,ESRRA,APBA1,NRL
AKR1C2,AKAP12,F3,AQP3,PCDH9
ALAS1,AKAP7,FOS|JUN,ARC,PHF7
ALDH1L2,AKR1B10,HLA-DRA,AREG,POTEM
ALDH3A1,ALAS1,ICAM1,ARHGAP11B,RGMA
ALDH3B2,AMIGO2,IL1A,ARHGAP36,RNF157
ALYREF,ANKRD35,IYD,ARPIN.AP3S2,ROR2
AMIGO3,ANKS3,JUN,ARRDC4,SCN4B
AMOT,ANXA1,KCNH2,ARSJ,SEMA6C
AMPD3,AP1S2,LDLR,ARSK,SLC11A1
ANAPC15,AR,Maob,ASCL1,TOR4A
ANGPTL6,ARHGAP11A,MMP1,ASF1B,
ANKZF1,ARHGAP24,MMP9,ASNS,
APOBEC3C,ARHGAP36,NFE2L2,ASPHD2,
APOD,ARID5B,NR1I2,ASTL,
APOE,ARMCX1,NR1I3,ATP6V0A2,
ARHGAP24,ASCL1,PGR,AURKB,
ARHGEF39,ASPRV1,PLAT,BACH2,
ARIH2,ASS1,PLAU,BCAR3,
ARMCX4,ATF4,PLAUR,BCL2,
ARPC1B,ATG101,PTGER2,BDKRB2,
ASCL2,ATL1,RAD54L,BIRC5,
ASF1B,ATP2C2,REV3L,BLM,
ASNS,ATP8A2,RXRB,BMPER,
ASPRV1,ATRNL1,SAA1,BOLA2B,
ATAD2,AXIN2,SELE,BRCA1,
ATP1B1,BCAS1,SELP,BTC,
ATP6V0A2,BCL2,SERPINE1,C2CD4D,
B3GNT4,BCL3,SLC6A3,C3orf52,
B3GNT5,BCO1,SMAD1,C9orf43,
BAK1,BDH2,SRC,CAPN2,
BCL2,BEST1,TGFB1,CAPN8,
BEND5,BFSP1,THRA,CAV1,
BEX5,BFSP2,THRB,CD109,
BHLHE40,BHLHA15,TIMP1,CDC42EP3,
BHLHE41,BHLHB9,TIMP2,CDCA3,
BIK,BMP8A,TNF,CDCA5,
BMP5,BMPER,Tpo,CDCA8,
BMPER,BNIP3,VCAM1,CDH15,
BRCA1,BNIPL,XRCC6P1,CDH18,
BRIP1,BRINP3,,CDK1,
C17orf113,BST2,,CDKN2C,
C1orf53,C12orf60,,CEACAM5,
C2orf42,C1orf174,,CENPK,
C2orf72,C1QTNF6,,CENPM,
C8orf58,C1R,,CENPU,
CA11,C6orf141,,CENPV,
CA12,C8orf58,,CENPW,
CA9,CALCR,,CERKL,
CALM3,CASP14,,CFAP69,
CAMK1,CASP4,,CHAC1,
CAMK2B,CAV1,,CHST11,
CAPN2,CAV2,,CHST14,
CARS1,CBARP,,CKS1B,
CASK,CBLN3,,CLCN5,
CASP3,CCDC136,,CLIC3,
CAST,CCDC40,,CMTM8,
CBR3,CCDC80,,CNIH2,
CBS,CCDC83,,CNTLN,
CCDC71L,CCL28,,CNTNAP1,
CCDC91,CCNB1,,CTAGE8,
CCNE2,CCSER2,,CTSC,
CCNJ,CD36,,CYP1B1,
CCNJL,CDC20,,DCLK1,
CCNYL1,CDC42EP1,,DEPDC1,
CCSER2,CDCA8,,DESI1,
CD59,CDH11,,DHRS3,
CDC42EP3,CDH26,,DKK1,
CDC6,CDR2,,DLGAP5,
CDCA3,CEBPG,,DLL4,
CDCA7,CENPA,,DLX3,
CDCA7L,CEP162,,DMC1,
CDH15,CEP55,,DNAJB11,
CDH18,CFAP91,,DNAJC12,
CDKN1A,CFB,,DNAJC28,
CDKN2C,CHAC1,,DPY19L2,
CDT1,CHCHD10,,DQX1,
CEBPB,CLCN6,,DSN1,
CEBPG,CLEC16A,,DUSP5,
CENPF,COL17A1,,DUSP6,
CENPJ,COL4A6,,E2F2,
CENPM,CORO2B,,ELL2,
CENPS,CRYBG2,,EME1,
CEP250,CSGALNACT1,,ENPP1,
CHAC1,CSRNP2,,EPAS1,
CHCHD10,CXCL12,,EPHA1,
CHEK1,CXCL8,,ERCC6L,
CHST11,CXXC4,,ERMAP,
CHUK,CYTH3,,ERO1B,
CHURC1.FNTB,DAGLA,,ERRFI1,
CIART,DBF4,,ETS2,
CLIC4,DDIT3,,ETV4,
CLIP1,DDX58,,FAAP24,
CLIP4,DEGS2,,FAM178B,
CLSPN,DEPDC1B,,FAXDC2,
CLSTN2,DEPTOR,,FBXO15,
CLU,DGKQ,,FHL2,
CLYBL,DHCR24,,FLAD1,
CMTM8,DHX40,,FLNB,
CNDP2,DKK1,,FN3KRP,
COG5,DLG2,,FNTB,
COL17A1,DLG5,,FOSL1,
COL21A1,DNAAF3,,FOXN1,
COL4A4,DNAJB9,,FRMD3,
COQ10B,DNAJC22,,FSTL1,
CORO1A,DNLZ,,GABBR1,
CRY1,DOCK4,,GALNT16,
CSMD3,DOP1B,,GALNT7,
CSRNP2,E2F4,,GAREM1,
CTNS,EFCAB6,,GAREM2,
CTSL,EHD2,,GARS1,
CXXC4,EHD4,,GCH1,
CYP51A1,EIF2S2,,GDF15,
DAPP1,ELF3,,GINS3,
DCLK1,ELOVL2,,GINS4,
DDX21,EML5,,GPER1,
DEGS2,EMP1,,GPNMB,
DEPDC4,EMP3,,GPR19,
DESI1,ENPP1,,GPR87,
DHCR7,EPAS1,,GSKIP,
DHRS2,EPHA2,,GTSE1,
DHRS3,EPHA4,,H2AC20,
DHTKD1,EPHA7,,H2BC4,
DHX40,EPHX2,,HIF1A,
DMC1,ERBB3,,HIRIP3,
DMTN,ERN1,,HJURP,
DNAAF1,ERV3.1,,HLA.DRB5,
DNAJB9,EVL,,HPGD,
DNAJC3,FAHD1,,HROB,
DNASE1,FAM189A2,,HS6ST2,
DNHD1,FAM3C,,HSPB8,
DPH3,FAM72B,,HTR7,
DPH5,FAM83A,,HYOU1,
DPY19L2,FAM83B,,IARS1,
DPYSL4,FASN,,IER5,
DPYSL5,FGF11,,IL17D,
DTL,FGFR2,,IL17RE,
DUSP4,FILIP1L,,INSIG1,
E2F1,FKBP5,,IRAK2,
E2F2,FNDC3B,,ITGA2,
E2F7,FOSL2,,ITGA2B,
EDEM3,FOXO6,,ITGA5,
EDN2,FSIP1,,ITPRIP,
EEF2KMT,FUZ,,JAZF1,
EHD2,G6PD,,KATNAL2,
EIF1,GABRP,,KCNMB4,
EIF4G3,GADD45A,,KHK,
EIF5,GBP2,,KIF18B,
ELAC1,GDF15,,KIF22,
ELOVL2,GHDC,,KIF26A,
EML2,GNA12,,KIFC1,
ENO2,GNA14,,KLHL4,
ENOSF1,GPER1,,KLK10,
ENPP1,GPNMB,,KLK11,
EOMES,GPR158,,KLK12,
EPAS1,GPR161,,KNTC1,
EPHA3,GPR19,,KRT20,
ERCC4,GPR68,,KRT86,
ERCC6L,GPT2,,LIF,
ERRFI1,GRAMD1C,,LIG1,
ERVMER34.1,GSC,,LIMCH1,
ESRRA,GSTA1,,LMBR1,
ETS2,H2AC17,,LMCD1,
ETV4,H2AC18,,LMO7,
EXT1,H2BC9,,LOXL1,
FAM118B,H3.3A,,LRRC8C,
FAM126A,HBEGF,,LSMEM1,
FAM167A,HCAR1,,LYSMD2,
FAM189A2,HCK,,MAB21L4,
FAM227A,HERC5,,MACC1,
FAM47E,HES6,,MAFB,
FAM76A,HMBS,,MAFF,
FAM83A,HNMT,,MALL,
FANCD2,HOMER2,,MALRD1,
FBXO27,HPCAL1,,MAP1B,
FBXO5,HS3ST3A1,,MAP3K5,
FCGRT,HSPA5,,MARS1,
FDFT1,HSPA6,,METTL7A,
FGFR2,HYOU1,,MGST1,
FMC1,IDH1,,MITF,
FN3KRP,IFITM1,,MMP13,
FOS,IFRD1,,MND1,
FOSB,IGFBP5,,MPP2,
FOSL2,IGSF1,,MRPL17,
FOXC1,IGSF9B,,MSMO1,
FOXD1,INHBA,,MTHFD1L,
FOXN1,IRS1,,MTRNR2L10,
FOXO4,IRX5,,MXD3,
FREM2,ISL2,,MYBL2,
G6PD,ITGA7,,MYEOV,
GADD45A,ITGB8,,MYORG,
GALNT10,ITPR1,,NAV2,
GAREM2,JAK3,,NBPF6,
GARS1,JAM2,,NHS,
GCC1,KANSL1,,NPAS2,
GCNT2,KATNAL2,,NQO1,
GDF15,KCNJ8,,NTN4,
GDPD1,KCTD13,,NUDT17,
GFOD1,KIF1A,,OSCAR,
GFPT1,KIF21B,,OSTM1,
GFRA1,KIFC1,,PABPC1L,
GFRA3,KLC2,,PABPC4L,
GINS3,KLF16,,PADI1,
GJB3,KLHL18,,PALD1,
GLA,KLHL4,,PBK,
GLDN,KNSTRN,,PCDH10,
GNG4,KRT16,,PCDH9,
GOLM1,KRT7,,PCDHGA7,
GPER1,KRTDAP,,PCIF1,
GPI,KYNU,,PCK2,
GPR19,LBX2,,PCLAF,
GRK3,LDLR,,PCP4,
GRPEL2,LDLRAP1,,PI4K2A,
GSTA1,LGALS1,,PIMREG,
GSTM3,LMBR1,,PIP5K1B,
GTPBP2,LOC107986800,,PITPNM2,
GYG1,LOC112267992,,PLD1,
GYS1,LOC389895,,PLK1,
H1.2,LOXL4,,PLK4,
H2AC11,LRP8,,PPARG,
H2AC18,LRRC59,,PPM1E,
H2AC20,LSM10,,PRSS22,
H2AC8,LTV1,,PSME4,
H2AJ,LY6D,,PTPRE,
H2AX,LYPD1,,PTPRN,
H2BC9,LYPD3,,PVR,
HABP4,LYSMD1,,PYCR1,
HEATR5A,MACC1,,RAB27B,
HERPUD1,MAGED2,,RABGGTB,
HIF1A,MALRD1,,RACGAP1,
HIRIP3,MAN2A2,,RAI14,
HLA.DQB1,MAP7D1,,RAMP3,
HLA.DRB5,MAT1A,,RASGEF1A,
HLCS,MED31,,RASGEF1B,
HMCN1,MEIS1,,RBP7,
HROB,MFHAS1,,RCBTB1,
HSD11B2,MFSD2A,,RECQL4,
HSD17B12,MGP,,RFC2,
HSPA13,MICA,,RFK,
HSPA5,MKX,,RGPD6,
HSPA9,MMP13,,RHOB,
HYOU1,MPC1,,RIOX2,
ICAM1,MPZL2,,RMI2,
ICOSLG,MSMB,,RND3,
ID1,MT1X,,RRM1,
IDI1,MTCL1,,RUNX2,
IFITM10,MTMR11,,S100A6,
IFRD1,MUC3A,,S100P,
IGFBP6,MUCL1,,SARS1,
IL4R,MVD,,SCARB1,
INAFM2,MYB,,SCD,
ING4,MYLK,,SDR16C5,
INHA,N4BP2L1,,SEL1L3,
INPP5D,NAALADL2,,SEMA3B,
IPCEF1,NCKAP5,,SERPINE2,
IRF2BP2,NDUFAF4,,SESN2,
ISG20,NEB,,SFXN2,
ISL2,NEDD9,,SGO2,
ISOC1,NIPSNAP3A,,SH3PXD2A,
ITGA2B,NPC1L1,,SKA1,
IWS1,NPIPB12,,SKA3,
JDP2,NPIPB3,,SLC16A9,
JMJD4,NPIPB4,,SLC22A4,
JMY,NPIPB5,,SLC39A8,
KATNAL1,NPY1R,,SLC43A1,
KCNG1,NPY5R,,SLC45A3,
KCNMB4,NXNL2,,SLC4A7,
KIAA0319,NXPH3,,SLC7A1,
KIAA0895L,NYNRIN,,SLC7A5,
KIF11,OSBPL6,,SORCS1,
KIF20A,PABPC4L,,SOX3,
KIF22,PAG1,,SPOCK1,
KIF2C,PAQR3,,SRP19,
KIF5B,PARP14,,ST3GAL1,
KITLG,PARP8,,STARD4,
KLC2,PBX2,,STEAP3,
KLHL4,PC,,STK39,
KLK10,PCDHB3,,STRA6,
KLK11,PCDHB7,,STUM,
KLK8,PCDHGA6,,STX3,
KLRG2,PCK2,,SYCE2,
KNTC1,PCLAF,,SYTL4,
KRT13,PDGFB,,TACC3,
KRT81,PDIA5,,TARS1,
KRT83,PDK2,,TBC1D8,
KSR1,PET100,,TCF19,
LAD1,PFKFB2,,TEP1,
LAMB1,PGP,,TGFBI,
LARP4,PGR,,TGM2,
LDLRAD1,PHEX,,TIMP1,
LGALS1,PHLDA1,,TMEM17,
LGALS7,PIK3C2G,,TMEM45B,
LHFPL2,PIMREG,,TMEM64,
LHX2,PITPNM1,,TMPRSS2,
LIG1,PLK1,,TMPRSS4,
LIN7A,PLSCR4,,TNFSF10,
LMO4,PNKD,,TNFSF13,
LOC112694756,POF1B,,TNIK,
LPIN3,PPARGC1B,,TOR4A,
LRATD2,PPM1E,,TP53INP1,
LRP12,PPP1R18,,TRAIP,
LRRC45,PPRC1,,TRIM52,
LRRC4B,PROS1,,TRPC6,
LRRC59,PRSS22,,TTK,
LRRC8D,PSPH,,TYW1B,
LSM10,PTGS1,,UBE2C,
LYPD1,PYCR1,,UGGT2,
LYSMD4,PYROXD2,,UGT2B15,
MACC1,R3HDM1,,UGT2B17,
MAFB,RAB30,,ULBP2,
MANF,RAB31,,VWA2,
MAOA,RAET1E,,WRAP53,
MAP1LC3B,RDH16,,XRCC2,
MAP1LC3B2,RFX2,,ZNF365,
MAP6,RHOBTB1,,ZNF541,
MAPKBP1,RIOX2,,ZNF713,
MARCHF1,RND3,,,
MARK3,RPS29,,,
MARS1,RRP9,,,
MCM10,S100A14,,,
MCM2,S1PR3,,,
MCM4,SAMD9,,,
MCM6,SAPCD2,,,
ME1,SCIN,,,
MED11,SCLT1,,,
METTL7A,SCLY,,,
METTL8,SCNN1A,,,
MFAP2,SCUBE2,,,
MIEF2,SDF2L1,,,
MKI67,SEC14L2,,,
MKX,SEC24D,,,
MOCOS,SELENOP,,,
MORC4,SEMA3B,,,
MOSPD1,SEMA3D,,,
MOSPD3,SERPINA1,,,
MOV10,SERPINA5,,,
MSANTD4,SERPINH1,,,
MSMB,SFXN2,,,
MSMO1,SGCG,,,
MTFR1,SH3KBP1,,,
MTHFD1L,SHROOM3,,,
MTHFD2,SIGMAR1,,,
MTRNR2L9,SKIDA1,,,
MTRR,SLC1A2,,,
MYBL2,SLC22A15,,,
MYO10,SLC28A3,,,
MYO16,SLC2A14,,,
N4BP2,SLC3A2,,,
NAALADL2,SLC44A3,,,
NAIP,SLC45A4,,,
NAV2,SLC4A10,,,
NCAM2,SLC6A14,,,
NCAPD3,SLC6A19,,,
NCOA3,SLC7A1,,,
NDRG1,SLC7A5,,,
NES,SLC7A8,,,
NEURL1,SLC9A4,,,
NKD2,SLFN5,,,
NMB,SMAD7,,,
NME1.NME2,SMCO3,,,
NOP2,SMG5,,,
NPC1L1,SMPDL3A,,,
NPNT,SMTNL2,,,
NPY5R,SNAI1,,,
NR4A1,SOCS2,,,
NRBF2,SPACA6,,,
NRP1,SPAG4,,,
NT5E,SPATA2,,,
NUP85,SPRR1B,,,
NUPR1,SREBF1,,,
NXPH3,SRF,,,
OBSL1,SRP19,,,
OGDHL,SSPN,,,
OLFM1,SSTR2,,,
OPLAH,ST8SIA4,,,
ORC1,STARD4,,,
OSGEP,STIMATE,,,
OXCT1,STK40,,,
PAK1IP1,SULF1,,,
PALM2AKAP2,SULF2,,,
PCDH10,SYNDIG1,,,
PCDH9,SYNE1,,,
PCDHGA7,SYNPO,,,
PCK2,SYT12,,,
PCLO,SYT8,,,
PDK4,SYTL5,,,
PFKFB2,TACC3,,,
PGR,TAF3,,,
PHGDH,TAP2,,,
PHLDA1,TBC1D8,,,
PIP5K1B,TCEAL1,,,
PISD,TENT5C,,,
PKMYT1,TESK1,,,
PLA2R1,TET2,,,
PLCXD3,TEX19,,,
PLD1,TGM2,,,
PLEKHA2,THBD,,,
PLEKHF2,THBS1,,,
PLEKHO1,THG1L,,,
PLLP,TIGAR,,,
PMP22,TLCD4,,,
PODXL,TMC6,,,
POLD1,TMEM104,,,
POLQ,TMEM164,,,
POLR3E,TMEM26,,,
POU2F3,TMEM45A,,,
PPM1E,TMEM64,,,
PPM1M,TMSB15B,,,
PPME1,TNFAIP8L1,,,
PPP1R3C,TNFRSF11B,,,
PRELID2,TNFSF13,,,
PRIM1,TNIK,,,
PRMT3,TNNT1,,,
PRPF40B,TPX2,,,
PRR15,TRIP6,,,
PRSS22,TRNAU1AP,,,
PSD2,TSC22D3,,,
PSEN2,TSKU,,,
PSMC3IP,TTC30B,,,
PTPRE,TUBE1,,,
PVR,TUBG1,,,
PXK,TXNIP,,,
PYCR1,UGT1A6,,,
PYGB,ULBP1,,,
RAB11FIP2,UNC5B,,,
RAB27B,UPK1B,,,
RAB31,UPP1,,,
RAB39B,WDR43,,,
RAD54L,WDR5B,,,
RALGAPB,WDR77,,,
RAPGEF4,WEE1,,,
RAPH1,WIPF1,,,
RASSF7,WNK2,,,
RBM4B,WWC3,,,
RCOR2,XPOT,,,
RDH10,YBEY,,,
RELT,YJEFN3,,,
RFC2,YPEL3,,,
RFFL,ZDHHC22,,,
RHBDD1,ZNF16,,,
RHBDD2,ZNF285,,,
RHEBL1,ZNF33B,,,
RIMKLA,ZNF598,,,
RIOX2,ZNF610,,,
RMI2,ZNF790,,,
RNASEH1,ZNF792,,,
RND3,ZNF836,,,
RNF152,ZNF860,,,
RNF19A,,,,
RNF41,,,,
RNFT1,,,,
ROR2,,,,
RORA,,,,
RPL27A,,,,
RPS6KA2,,,,
RPS6KA3,,,,
RPTN,,,,
RRM1,,,,
RRM2,,,,
RRS1,,,,
RTL8C,,,,
RUFY3,,,,
RUNX2,,,,
S100A14,,,,
S100P,,,,
SAMD12,,,,
SANBR,,,,
SCARA3,,,,
SCD,,,,
SCYL2,,,,
SDF2L1,,,,
SEC24D,,,,
SELENOP,,,,
SEPHS2,,,,
SERP1,,,,
SERPINA5,,,,
SERPINF1,,,,
SERPINF2,,,,
SERPINH1,,,,
SESN2,,,,
SFMBT2,,,,
SGK3,,,,
SGTB,,,,
SH3BGRL,,,,
SH3KBP1,,,,
SH3RF1,,,,
SHLD1,,,,
SHMT2,,,,
SHROOM3,,,,
SIAH1,,,,
SIGLEC15,,,,
SKAP1,,,,
SLC1A4,,,,
SLC1A5,,,,
SLC20A1,,,,
SLC25A13,,,,
SLC25A33,,,,
SLC26A2,,,,
SLC26A6,,,,
SLC27A3,,,,
SLC27A4,,,,
SLC28A1,,,,
SLC2A1,,,,
SLC2A12,,,,
SLC31A1,,,,
SLC33A1,,,,
SLC35B1,,,,
SLC35B3,,,,
SLC35B4,,,,
SLC3A2,,,,
SLC7A5,,,,
SLCO4A1,,,,
SLCO4C1,,,,
SLPI,,,,
SMAD9,,,,
SMG5,,,,
SMIM5,,,,
SMOX,,,,
SMPD2,,,,
SNAI3,,,,
SNRNP25,,,,
SOAT1,,,,
SPAG1,,,,
SPAG5,,,,
SPC24,,,,
SPIRE1,,,,
SPRED2,,,,
SPRING1,,,,
SPTBN4,,,,
SQSTM1,,,,
SRPRA,,,,
SRPRB,,,,
SRXN1,,,,
SSR3,,,,
ST8SIA4,,,,
ST8SIA6,,,,
STBD1,,,,
STK40,,,,
STPG1,,,,
STRBP,,,,
SULF2,,,,
SUMF1,,,,
SYCE2,,,,
SYDE1,,,,
SYNPO2,,,,
SYTL4,,,,
TAGLN2,,,,
TAP2,,,,
TARS2,,,,
TATDN3,,,,
TBC1D3E,,,,
TCAF2,,,,
TCEA1,,,,
TCF19,,,,
TCTN2,,,,
TDRKH,,,,
TENT5B,,,,
TEX14,,,,
TF,,,,
TGFBI,,,,
THAP6,,,,
THRB,,,,
TIMP3,,,,
TK1,,,,
TLCD2,,,,
TLR5,,,,
TMEM107,,,,
TMEM143,,,,
TMEM18,,,,
TMEM198,,,,
TMEM26,,,,
TMEM59L,,,,
TMEM74B,,,,
TNFRSF10B,,,,
TNFRSF21,,,,
TNS2,,,,
TP73,,,,
TPI1,,,,
TPTEP2.CSNK1E,,,,
TRAPPC6B,,,,
TRERF1,,,,
TRIB3,,,,
TRIM2,,,,
TRIM29,,,,
TRIM52,,,,
TRMU,,,,
TSC22D3,,,,
TSEN15,,,,
TTC39B,,,,
TTLL7,,,,
TTPAL,,,,
TUBA1B,,,,
TUBB,,,,
TUBB4A,,,,
TUBE1,,,,
TXNDC16,,,,
UBLCP1,,,,
UBR7,,,,
UGT2B17,,,,
UHRF1BP1,,,,
ULBP1,,,,
ULK4,,,,
UNC5B,,,,
UNC5C,,,,
UPK1A,,,,
USP5,,,,
VPS37D,,,,
VTCN1,,,,
WARS1,,,,
WDR17,,,,
WIPF1,,,,
WIPI1,,,,
YARS1,,,,
YIF1A,,,,
YJU2B,,,,
ZBTB20,,,,
ZC3H12C,,,,
ZFP36,,,,
ZFR,,,,
ZMAT3,,,,
ZMAT4,,,,
ZMYND10,,,,
ZNF33B,,,,
ZNF354A,,,,
ZNF367,,,,
ZNF395,,,,
ZNF541,,,,
ZNF621,,,,
ZNF860,,,,
