"term","p.adj"
"WP5066_FOXA2 pathway",8.61346702331069e-05
"WP4925_Unfolded protein response",8.86049048320638e-05
"WP3932_Focal adhesion: PI3K-Akt-mTOR-signaling pathway",0.00051791803908621
"WP1982_Sterol regulatory element-binding proteins (SREBP) signaling",0.000713513763326268
"WP4861_Endoplasmic reticulum stress response in coronavirus infection",0.00102292908708519
"WP3613_Photodynamic therapy-induced unfolded protein response",0.0019436135474226
"WP4172_PI3K-Akt signaling pathway",0.00400920596241821
"WP1403_AMP-activated protein kinase signaling",0.00405207562114532
"WP4877_Host-pathogen interaction of human coronaviruses - MAPK signaling",0.00416032931794497
"WP382_MAPK signaling pathway",0.00655462326548677
"WP236_Adipogenesis",0.00655462326548677
"WP2882_Nuclear receptors meta-pathway",0.00655462326548677
"WP4823_Genes controlling nephrogenesis",0.00655462326548677
"WP2011_SREBF and miR33 in cholesterol and lipid homeostasis",0.00655462326548677
"WP2864_Apoptosis-related network due to altered Notch3 in ovarian cancer",0.0106996896186962
"WP357_Fatty acid biosynthesis",0.0106996896186962
"WP5181_Roles of ceramides in development of insulin resistance",0.0112331749799165
"WP3888_VEGFA-VEGFR2 signaling",0.0112966671601129
"WP3965_Lipid metabolism pathway",0.020160592141628
"WP5322_CKAP4 signaling pathway map",0.0210388462002798
"WP2817_Mammary gland development pathway - Pregnancy and lactation (Stage 3 of 4)",0.0267294443891527
"WP4657_22q11.2 copy number variation syndrome",0.0318181439528479
"WP306_Focal adhesion",0.0323906201551635
"WP4698_Vitamin D-sensitive calcium signaling in depression",0.0323906201551635
"WP5087_Malignant pleural mesothelioma",0.0357297001067665
"WP4806_EGFR tyrosine kinase inhibitor resistance",0.0357297001067665
"WP2884_NRF2 pathway",0.0357297001067665
"WP4018_Clear cell renal cell carcinoma pathways",0.0364113706687729
"WP5220_Metabolic reprogramming in pancreatic cancer",0.0365256565496559
"WP4290_Metabolic reprogramming in colon cancer",0.0365256565496559
"WP51_Regulation of actin cytoskeleton",0.0408978668705989
"WP4396_Nonalcoholic fatty liver disease",0.0443253449676045
