"term","p.adj"
"hsa04919:Thyroid hormone signaling pathway",0.000951223273248684
"hsa05417:Lipid and atherosclerosis",0.000951223273248684
"hsa04915:Estrogen signaling pathway",0.000951223273248684
"hsa05418:Fluid shear stress and atherosclerosis",0.000951223273248684
"hsa01522:Endocrine resistance",0.00326019803415232
"hsa04933:AGE-RAGE signaling pathway in diabetic complications",0.00326019803415232
"hsa05205:Proteoglycans in cancer",0.00349593008018114
"hsa05207:Chemical carcinogenesis - receptor activation",0.00358379036709991
"hsa04926:Relaxin signaling pathway",0.00582328365295788
"hsa05161:Hepatitis B",0.0124780389637136
"hsa05200:Pathways in cancer",0.0256419467542139
"hsa05323:Rheumatoid arthritis",0.0256419467542139
"hsa04668:TNF signaling pathway",0.0424169126516982
