"term","p.adj"
"hsa04152:AMPK signaling pathway",0.00276643628080611
"hsa04915:Estrogen signaling pathway",0.00325501068937639
"hsa05417:Lipid and atherosclerosis",0.00477691854057051
"hsa04151:PI3K-Akt signaling pathway",0.00477691854057051
"hsa04010:MAPK signaling pathway",0.00597815452151618
"hsa04910:Insulin signaling pathway",0.00699451951901629
"hsa04068:FoxO signaling pathway",0.00699451951901629
"hsa04210:Apoptosis",0.00699451951901629
"hsa05215:Prostate cancer",0.00990479191026833
"hsa04931:Insulin resistance",0.0132653471439392
"hsa04928:Parathyroid hormone synthesis, secretion and action",0.0132653471439392
"hsa04022:cGMP-PKG signaling pathway",0.0134075648689684
"hsa04115:p53 signaling pathway",0.0224299945617546
"hsa01521:EGFR tyrosine kinase inhibitor resistance",0.0247714058355414
"hsa04114:Oocyte meiosis",0.0247714058355414
"hsa05205:Proteoglycans in cancer",0.0252513165442834
"hsa05418:Fluid shear stress and atherosclerosis",0.0252513165442834
"hsa04510:Focal adhesion",0.0252513165442834
"hsa04140:Autophagy - animal",0.0252513165442834
"hsa04932:Non-alcoholic fatty liver disease",0.036144655912696
