"term","p.adj"
"WP707_DNA damage response",0.000112948508955116
"WP5094_Orexin receptor pathway",0.000112948508955116
"WP3959_DNA IR-double strand breaks and cellular response via ATM",0.0001362777117371
"WP2516_ATM signaling pathway",0.000237055703712315
"WP1530_miRNA regulation of DNA damage response",0.000408945637791734
"WP1971_Integrated cancer pathway",0.000536542240359011
"WP4754_IL-18 signaling pathway",0.000787137900990661
"WP4658_Small cell lung cancer",0.00159252647740225
"WP236_Adipogenesis",0.00159252647740225
"WP1742_TP53 network",0.00159252647740225
"WP3941_Oxidative damage response",0.00159252647740225
"WP4685_Melanoma",0.00180957396452491
"WP712_Estrogen signaling pathway",0.0021997094827402
"WP4216_Chromosomal and microsatellite instability in colorectal cancer ",0.00231981732684872
"WP2263_Androgen receptor network in prostate cancer",0.00276780833691305
"WP4262_Breast cancer pathway",0.00355259047194783
"WP2261_Glioblastoma signaling pathways",0.0039174655051073
"WP179_Cell cycle",0.00398468443252531
"WP4018_Clear cell renal cell carcinoma pathways",0.00426488366526142
"WP254_Apoptosis",0.00437885444547831
"WP3646_Hepatitis C and hepatocellular carcinoma",0.00437885444547831
"WP4879_Overlap between signal transduction pathways contributing to LMNA laminopathies",0.00444569513453513
"WP2446_Retinoblastoma gene in cancer",0.00452214276996555
"WP4241_Type 2 papillary renal cell carcinoma",0.00574734181728566
"WP4155_Endometrial cancer",0.00627160380679071
"WP4877_Host-pathogen interaction of human coronaviruses - MAPK signaling",0.00639272489685151
"WP45_G1 to S cell cycle control",0.00639272489685151
"WP2374_Oncostatin M signaling pathway",0.00648012403506273
"WP170_Nuclear receptors",0.00734784496575956
"WP3942_PPAR signaling pathway",0.00745913392839434
"WP1946_Cori cycle",0.00779758765243269
"WP4255_Non-small cell lung cancer",0.00910254764712631
"WP2332_Interleukin-11 signaling pathway",0.0113345610748668
"WP4206_Hereditary leiomyomatosis and renal cell carcinoma pathway",0.0113345610748668
"WP2507_Nanomaterial induced apoptosis",0.0113345610748668
"WP437_EGF/EGFR signaling pathway",0.0122557388978172
"WP4016_DNA IR-damage and cellular response via ATR",0.0128868723316117
"WP4946_DNA repair pathways, full network",0.0128868723316117
"WP2431_Spinal cord injury",0.0128868723316117
"WP357_Fatty acid biosynthesis",0.0128868723316117
"WP410_Exercise-induced circadian regulation",0.0128868723316117
"WP4790_FGF23 signaling in hypophosphatemic rickets and related disorders",0.0143649189748607
"WP3611_Photodynamic therapy-induced AP-1 survival signaling",0.0152144550342788
"WP1539_Angiogenesis",0.0152144550342788
"WP4925_Unfolded protein response",0.0152144550342788
"WP4263_Pancreatic adenocarcinoma pathway",0.0161416816070647
"WP2864_Apoptosis-related network due to altered Notch3 in ovarian cancer",0.0161416816070647
"WP3915_Angiopoietin-like protein 8 regulatory pathway",0.0164258315247852
"WP395_IL-4 signaling pathway",0.0165382244156853
"WP138_Androgen receptor signaling pathway",0.0167418252277553
"WP2355_Corticotropin-releasing hormone signaling pathway",0.0168934627001011
"WP1772_Apoptosis modulation and signaling",0.0168934627001011
"WP4630_Measles virus infection",0.0173088800342027
"WP2877_Vitamin D receptor pathway",0.0186588662887637
"WP4963_p53 transcriptional gene network",0.0192546844889825
"WP304_Kit receptor signaling pathway",0.0197141083899493
"WP3932_Focal adhesion: PI3K-Akt-mTOR-signaling pathway",0.0202539039827501
"WP2849_Hematopoietic stem cell differentiation",0.0256204716144785
"WP5087_Malignant pleural mesothelioma",0.0259927087853222
"WP3995_Prion disease pathway",0.0259927087853222
"WP2324_AGE/RAGE pathway",0.0272486038228056
"WP2817_Mammary gland development pathway - Pregnancy and lactation (Stage 3 of 4)",0.0273265889782286
"WP710_DNA damage response (only ATM dependent)",0.0300288591236059
"WP5158_Urotensin-II-mediated signaling pathway",0.0300288591236059
"WP481_Insulin signaling",0.0306488438643041
"WP5130_Th17 cell differentiation pathway",0.0306840223105184
"WP2572_Primary focal segmental glomerulosclerosis (FSGS)",0.0334310842228909
"WP5115_Network map of SARS-CoV-2 signaling pathway",0.0335678421592368
"WP5322_CKAP4 signaling pathway map",0.0336030833670548
"WP4172_PI3K-Akt signaling pathway",0.0346921419986911
"WP3614_Photodynamic therapy-induced HIF-1 survival signaling",0.0349332534308725
"WP500_Glycogen synthesis and degradation",0.0392795062905874
"WP5220_Metabolic reprogramming in pancreatic cancer",0.0436404932186388
"WP4290_Metabolic reprogramming in colon cancer",0.0436404932186388
"WP314_Fas ligand pathway and stress induction of heat shock proteins",0.0480340741314232
"WP4823_Genes controlling nephrogenesis",0.0480340741314232
