"term","p.adj"
"WP5322_CKAP4 signaling pathway map",0.0015123919147556
"WP236_Adipogenesis",0.0015123919147556
"WP1971_Integrated cancer pathway",0.0015123919147556
"WP2332_Interleukin-11 signaling pathway",0.0116299428523392
"WP2873_Aryl hydrocarbon receptor pathway",0.0116299428523392
"WP138_Androgen receptor signaling pathway",0.0134552361034887
"WP2263_Androgen receptor network in prostate cancer",0.027896483697176
"WP4217_Ebola virus infection in host",0.0440463742335961
"WP5117_Cohesin complex - Cornelia de Lange syndrome",0.0440463742335961
