"term","p.adj"
"WP170_Nuclear receptors",1.21927689605611e-07
"WP1539_Angiogenesis",4.94438291655349e-05
"WP2865_IL1 and megakaryocytes in obesity",4.94438291655349e-05
"WP5353_A network map of Macrophage-stimulating protein (MSP) signaling",0.000147596608316318
"WP2873_Aryl hydrocarbon receptor pathway",0.000281925417383904
"WP2814_Mammary gland development pathway - Puberty (Stage 2 of 4)",0.000281925417383904
"WP4746_Thyroid hormones production and peripheral downstream signaling effects",0.00456918059905497
"WP5094_Orexin receptor pathway",0.00517147050967054
"WP4331_Neovascularisation processes",0.00517147050967054
"WP5322_CKAP4 signaling pathway map",0.00603936116144844
"WP2332_Interleukin-11 signaling pathway",0.00603936116144844
"WP5055_Burn wound healing",0.00603936116144844
"WP2586_Aryl hydrocarbon receptor pathway",0.00613650868599352
"WP5347_IL-26 signaling pathways",0.00613650868599352
"WP286_IL-3 signaling pathway",0.00688988342840383
"WP4747_Netrin-UNC5B signaling pathway",0.00725987522518158
"WP2018_RANKL/RANK signaling pathway",0.00762395309403329
"WP560_TGF-beta receptor signaling",0.00762395309403329
"WP4816_TGF-beta receptor signaling in skeletal dysplasias",0.0085302285692655
"WP4673_Male infertility",0.0085302285692655
"WP4666_Hepatitis B infection",0.00854498195197004
"WP4808_Endochondral ossification with skeletal dysplasias",0.00854498195197004
"WP474_Endochondral ossification",0.00854498195197004
"WP2324_AGE/RAGE pathway",0.00904564187606336
"WP5158_Urotensin-II-mediated signaling pathway",0.00992566860054495
"WP2882_Nuclear receptors meta-pathway",0.012568991549729
"WP4298_Acute viral myocarditis",0.0154369653460946
"WP15_Selenium micronutrient network",0.0154369653460946
"WP138_Androgen receptor signaling pathway",0.0167260121503969
"WP710_DNA damage response (only ATM dependent)",0.0272015414164688
"WP2431_Spinal cord injury",0.030805902278388
"WP3888_VEGFA-VEGFR2 signaling",0.0328754172592638
"WP3915_Angiopoietin-like protein 8 regulatory pathway",0.0364701786750175
"WP4754_IL-18 signaling pathway",0.0364701786750175
"WP4262_Breast cancer pathway",0.0493354708849458
