"term","p.adj"
"hsa04931:Insulin resistance",9.97155884846326e-05
"hsa04115:p53 signaling pathway",9.97155884846326e-05
"hsa05200:Pathways in cancer",0.000191360840915428
"hsa05418:Fluid shear stress and atherosclerosis",0.000326827084794732
"hsa04210:Apoptosis",0.000326827084794732
"hsa05222:Small cell lung cancer",0.00104654675918719
"hsa01522:Endocrine resistance",0.00135122713720286
"hsa05224:Breast cancer",0.00169709580063956
"hsa04922:Glucagon signaling pathway",0.00169709580063956
"hsa05214:Glioma",0.00169709580063956
"hsa01524:Platinum drug resistance",0.00169709580063956
"hsa05167:Kaposi sarcoma-associated herpesvirus infection",0.00190926608585495
"hsa04919:Thyroid hormone signaling pathway",0.00276676013974928
"hsa05210:Colorectal cancer",0.00276676013974928
"hsa05417:Lipid and atherosclerosis",0.00332254869124261
"hsa05166:Human T-cell leukemia virus 1 infection",0.0039529732228883
"hsa04920:Adipocytokine signaling pathway",0.00674985284716181
"hsa04066:HIF-1 signaling pathway",0.00775019305870559
"hsa05220:Chronic myeloid leukemia",0.00777414632813082
"hsa05212:Pancreatic cancer",0.00777414632813082
"hsa05169:Epstein-Barr virus infection",0.00777414632813082
"hsa04110:Cell cycle",0.00777414632813082
"hsa03320:PPAR signaling pathway",0.00777414632813082
"hsa04722:Neurotrophin signaling pathway",0.0092162739776475
"hsa04114:Oocyte meiosis",0.0145179981800232
"hsa04910:Insulin signaling pathway",0.0153169728705753
"hsa04151:PI3K-Akt signaling pathway",0.0153169728705753
"hsa04915:Estrogen signaling pathway",0.0153169728705753
"hsa05162:Measles",0.0153169728705753
"hsa04657:IL-17 signaling pathway",0.0153169728705753
"hsa03460:Fanconi anemia pathway",0.0153169728705753
"hsa00480:Glutathione metabolism",0.0153169728705753
"hsa05215:Prostate cancer",0.0161039294420067
"hsa04010:MAPK signaling pathway",0.01642583384774
"hsa05202:Transcriptional misregulation in cancer",0.01642583384774
"hsa05226:Gastric cancer",0.0192597689381721
"hsa04928:Parathyroid hormone synthesis, secretion and action",0.0205360422512305
"hsa04215:Apoptosis - multiple species",0.0205360422512305
"hsa05205:Proteoglycans in cancer",0.0206039882622439
"hsa04720:Long-term potentiation",0.0209106808848629
"hsa00010:Glycolysis / Gluconeogenesis",0.0209106808848629
"hsa05170:Human immunodeficiency virus 1 infection",0.0214587339011481
"hsa05207:Chemical carcinogenesis - receptor activation",0.0214587339011481
"hsa05211:Renal cell carcinoma",0.0214587339011481
"hsa05031:Amphetamine addiction",0.0214587339011481
"hsa05230:Central carbon metabolism in cancer",0.0218068369542501
"hsa05161:Hepatitis B",0.0221624807982943
"hsa04668:TNF signaling pathway",0.0221624807982943
"hsa05223:Non-small cell lung cancer",0.0221808574297973
"hsa05218:Melanoma",0.0221808574297973
"hsa05216:Thyroid cancer",0.0226555485747422
"hsa05225:Hepatocellular carcinoma",0.0239313092023516
"hsa04152:AMPK signaling pathway",0.0248369876590427
"hsa04971:Gastric acid secretion",0.0248369876590427
"hsa05164:Influenza A",0.0248369876590427
"hsa03440:Homologous recombination",0.0275237124894225
"hsa05152:Tuberculosis",0.0302903968941277
"hsa04068:FoxO signaling pathway",0.0326869416314198
"hsa05135:Yersinia infection",0.0379030586525782
"hsa05132:Salmonella infection",0.0379030586525782
"hsa05130:Pathogenic Escherichia coli infection",0.0429870420674615
"hsa05323:Rheumatoid arthritis",0.0433376038408631
